Model,Loss,RMSE,MAE,MAPE
HDResNet,0.011080896792312464,0.8244546,0.6528932,295.38022
HierNBeats,0.016625986744960148,0.90568125,0.73892146,146.18803
